ID	Target	Tweet	Stance	Date	Origin
998899280936144901	daca	RemembranceProject AVIAC ICE DHS DOJ   LibbySchaaf CAgov SanctuaryState Lawlessness WarOnMiddleClass Stephen Dinananctuary officials could get 5 years in prison under  LibbySchaafAct Congress tcot PJNET	AGAINST	2018-05-22 08:12:01	#RemembranceProject #AVIAC #ICE #DHS #DOJ | #LibbySchaaf #CAgov #SanctuaryState #Lawlessness #WarOnMiddleClass Stephen Dinan:Sanctuary officials could get 5 years in prison under ‘#LibbySchaafAct’https://www.washingtontimes.com/news/2018/may/21/sanctuary-officials-could-get-5-years-prison/ …| #Congress #tcot #PJNET
998770929407877120	daca	What immigrationpolicy does America need  It needs an AmericanFirst Immigrationlaw revolution tcot DACA Dreamers sanctuarycity IllegalAliens IllegalImmigration SanctuaryCities ICE DACADreamers immigrationreform TheWall DACA	FAVOR	2018-05-21 23:42:00	What #immigrationpolicy does #America need?  It needs an #AmericanFirst #Immigrationlaw #revolution http://committedconservative.com/2017/09/13/daca-immigration-law-revolution/ …  #tcot #DACA #Dreamers #sanctuarycity #IllegalAliens #IllegalImmigration #SanctuaryCities #ICE #DACADreamers #immigrationreform #TheWall #DACA
998770426078810113	daca	Fight Sanctuary colleges  nosanctuary tcot AmericaFirst SanctuaryCity sanctuarycities Conservatives	NONE	2018-05-21 23:40:00	Fight #Sanctuary colleges. http://committedconservative.com/2017/06/05/no-sanctuary-stopping-outlaw-universities/ …  #nosanctuary #tcot #AmericaFirst #SanctuaryCity #sanctuarycities #Conservatives
998767911237013504	daca	illegalaliens don_t get Constitutional rights tcot AmericaFirst SanctuaryCities Conservatives law Lawyers	NONE	2018-05-21 23:30:00	#illegalaliens don't get #Constitutional rights http://committedconservative.com/2017/02/23/no- … #tcot #AmericaFirst #SanctuaryCities #Conservatives #law #Lawyers
998765896985440256	daca	At this point  we CAN and we SHOULD should prosecute SanctuaryCity mayors   Governors under 8USC1324  tcot illegalAliens thewall SanctuaryCities SanctuaryState Trump KateSteinle KatesWall ICE KatesLaw DACA DreamAct DREAMers DHS DOJ	AGAINST	2018-05-21 23:22:00	At this point, we CAN and we SHOULD should prosecute #SanctuaryCity mayors & Governors under #8USC1324. http://committedconservative.com/2017/03/27/sanctuary-city-leaders/ … #tcot #illegalAliens #thewall #SanctuaryCities #SanctuaryState #Trump #KateSteinle #KatesWall #ICE #KatesLaw #DACA #DreamAct #DREAMers #DHS #DOJ
998763379954212864	daca	From A to Z on illegalimmigration tcot illegalaliens SanctuaryCity ICE Trump TRUMPWALL sanctuarycities daca DREAMers	AGAINST	2018-05-21 23:12:00	From A to Z on #illegalimmigration http://committedconservative.com/2017/02/27/illegal-immigrants/ … #tcot #illegalaliens #SanctuaryCity #ICE #Trump #TRUMPWALL #sanctuarycities #daca #DREAMers
998757843615584257	daca	NO DOUBT  ChainMigration   visalottery ee flaw in  legal  Immigration system  It_s now also a NationalDefense issue  tcot Conservative AmericaFirst Immigrationreform Immigrationrevolution ICE TheWall SanctuaryCity SanctuaryCities	NONE	2018-05-21 22:50:00	"NO DOUBT: #ChainMigration & #visalottery expose flaw in ""legal"" #Immigration system. It's now also a #NationalDefense issue. http://committedconservative.com/2017/12/15/chain-migration-destroys-nation/ … #tcot #Conservative #AmericaFirst #Immigrationreform #Immigrationrevolution #ICE #TheWall #SanctuaryCity #SanctuaryCities"
998745262221754368	daca	The KateSteinle murder is clarion call for IllegalAlien CriminalJustice reform  law lawyer IllegalImmigration SanctuaryCity SanctuaryCities tcot Conservatives Constitution 14Amendment DACA federalcourts ICE Immigration ImmigrationReform	AGAINST	2018-05-21 22:00:00	The #KateSteinle murder is clarion call for #IllegalAlien #CriminalJustice reform. http://committedconservative.com/2017/12/02/try-illegal-aliens-federal-tribunals/ … #law #lawyer #IllegalImmigration #SanctuaryCity #SanctuaryCities #tcot #Conservatives #Constitution #14Amendment #DACA #federalcourts #ICE #Immigration #ImmigrationReform
998741038943686656	daca	stop IllegalImmigration  foster legal migration 	AGAINST	2018-05-21 21:43:14	stop #IllegalImmigration, foster #legal #migration.
998740730221907968	daca	There_s already a  resistance   Will there be a CivilWar  Bet on it  It may already be underway  tcot war Conservatives altleft Resistance Midterms2018 IllegalAliens SanctuaryCities 2a Militia America	AGAINST	2018-05-21 21:42:00	"There's already a ""resistance."" Will there be a #CivilWar? Bet on it. It may already be underway. http://committedconservative.com/2018/04/06/the … #tcot #war #Conservatives #altleft #Resistance #Midterms2018 #IllegalAliens #SanctuaryCities #2a #Militia #America"
998740226406105090	daca	What immigrationpolicy does America need  It needs an AmericanFirst Immigrationlaw revolution tcot DACA Dreamers sanctuarycity IllegalAliens IllegalImmigration SanctuaryCities ICE DACADreamers immigrationreform TheWall DACA	AGAINST	2018-05-21 21:40:00	What #immigrationpolicy does #America need?  It needs an #AmericanFirst #Immigrationlaw #revolution http://committedconservative.com/2017/09/13/daca-immigration-law-revolution/ …  #tcot #DACA #Dreamers #sanctuarycity #IllegalAliens #IllegalImmigration #SanctuaryCities #ICE #DACADreamers #immigrationreform #TheWall #DACA
998735193472057344	daca	At this point  we CAN and we SHOULD should prosecute SanctuaryCity mayors   Governors under 8USC1324  tcot illegalAliens thewall SanctuaryCities SanctuaryState Trump KateSteinle KatesWall ICE KatesLaw DACA DreamAct DREAMers DHS DOJ	AGAINST	2018-05-21 21:20:00	At this point, we CAN and we SHOULD should prosecute #SanctuaryCity mayors & Governors under #8USC1324. http://committedconservative.com/2017/03/27/sanctuary-city-leaders/ … #tcot #illegalAliens #thewall #SanctuaryCities #SanctuaryState #Trump #KateSteinle #KatesWall #ICE #KatesLaw #DACA #DreamAct #DREAMers #DHS #DOJ
998732676961054721	daca	From A to Z on illegalimmigration tcot illegalaliens SanctuaryCity ICE Trump TRUMPWALL sanctuarycities daca DREAMers	AGAINST	2018-05-21 21:10:00	From A to Z on #illegalimmigration http://committedconservative.com/2017/02/27/illegal-immigrants/ … #tcot #illegalaliens #SanctuaryCity #ICE #Trump #TRUMPWALL #sanctuarycities #daca #DREAMers
998663739569311746	daca	MAGA illegalimmigration	AGAINST	2018-05-21 16:36:04	http://www.worldtribune.com/massachusetts-judge-nixes-prison-time-for-immigrant-heroin-dealer/ … #MAGA #illegalimmigration
998639565140299776	daca	There is a GREAT solution to End ALL IllegalImmigration while protecting America  Daca Dreamers tcot SanctuaryCities Conservatives SanctuaryCity TheWall ICE DreamAct DreamActNow DACADreamers	AGAINST	2018-05-21 15:00:00	There is a GREAT solution to End ALL #IllegalImmigration while protecting America. http://committedconservative.com/2018/01/27/fixing-illegal-immigration-protecting-americans/ … #Daca #Dreamers #tcot #SanctuaryCities #Conservatives #SanctuaryCity #TheWall #ICE #DreamAct #DreamActNow #DACADreamers
998637550599397376	daca	Americans must NEVER reward illegal acts with US Citizenship   tcot TheWall DACA DACADreamers Dreamers IllegalAliens IllegalImmigration ImmigrationReform Trump GOP Democrats ICE SanctuaryCities NoSanctuary Sanctuary	AGAINST	2018-05-21 14:52:00	#Americans must NEVER reward illegal acts with US Citizenship. http://committedconservative.com/2018/01/24/daca-amnesty-trade-wall-not-enough/ … … #tcot #TheWall #DACA #DACADreamers #Dreamers #IllegalAliens #IllegalImmigration #ImmigrationReform #Trump #GOP #Democrats #ICE #SanctuaryCities #NoSanctuary #Sanctuary
998624967536267264	daca	Immigration laws   any immigrationBill should serve AmericaFirst TCOT Trump Conservatives DACA Dreamers immigration conservative Conservatives SanctuaryCity SanctuaryCities immigrationreform	FAVOR	2018-05-21 14:02:00	Immigration laws & any #immigrationBill should serve #AmericaFirst http://committedconservative.com/2017/08/03/imm … #TCOT #Trump #Conservatives #DACA #Dreamers #immigration #conservative #Conservatives #SanctuaryCity #SanctuaryCities #immigrationreform
998619934186860544	daca	Term  illegal  bothers OpenBorders types  Here is why it_s the correct term  tcot DACA sanctuarycities ICE thewall illegalAliens Trump DREAMers Conservative Conservatives	AGAINST	2018-05-21 13:42:00	"Term ""illegal"" bothers #OpenBorders types. Here is why it's the correct term. http://committedconservative.com/2017/09/15/illegal-immigrant-is-correct-label/ … … #tcot #DACA #sanctuarycities #ICE #thewall #illegalAliens #Trump #DREAMers #Conservative #Conservatives"
998609366663053312	daca	There is a GREAT solution to End ALL IllegalImmigration while protecting America  Daca Dreamers tcot SanctuaryCities Conservatives SanctuaryCity TheWall ICE DreamAct DreamActNow DACADreamers	AGAINST	2018-05-21 13:00:00	There is a GREAT solution to End ALL #IllegalImmigration while protecting America. http://committedconservative.com/2018/01/27/fixing-illegal-immigration-protecting-americans/ … #Daca #Dreamers #tcot #SanctuaryCities #Conservatives #SanctuaryCity #TheWall #ICE #DreamAct #DreamActNow #DACADreamers
998606847794864131	daca	Americans must NEVER reward illegal acts with US Citizenship   tcot TheWall DACA DACADreamers Dreamers IllegalAliens IllegalImmigration ImmigrationReform Trump GOP Democrats ICE SanctuaryCities NoSanctuary Sanctuary	AGAINST	2018-05-21 12:50:00	#Americans must NEVER reward illegal acts with US Citizenship. http://committedconservative.com/2018/01/24/daca-amnesty-trade-wall-not-enough/ … … #tcot #TheWall #DACA #DACADreamers #Dreamers #IllegalAliens #IllegalImmigration #ImmigrationReform #Trump #GOP #Democrats #ICE #SanctuaryCities #NoSanctuary #Sanctuary
998600144504451072	daca	IllegalImmigration IllegalImmigrants Criminal Immigration immigrationreform BuildThatWall MAGA LiberalismIsAMentalDisorderhttps   	AGAINST	2018-05-21 12:23:22	#IllegalImmigration #IllegalImmigrants #Criminal #Immigration #immigrationreform #BuildThatWall #MAGA #LiberalismIsAMentalDisorderhttps://twitter.com/OliverMcGee/status/998561848789258240 …
998594269664436225	daca	Immigration laws   any immigrationBill should serve AmericaFirst TCOT Trump Conservatives DACA Dreamers immigration conservative Conservatives SanctuaryCity SanctuaryCities immigrationreform	FAVOR	2018-05-21 12:00:01	Immigration laws & any #immigrationBill should serve #AmericaFirst http://committedconservative.com/2017/08/03/imm … #TCOT #Trump #Conservatives #DACA #Dreamers #immigration #conservative #Conservatives #SanctuaryCity #SanctuaryCities #immigrationreform
998593509996224512	daca	There_s already a  resistance   Will there be a CivilWar  Bet on it  It may already be underway  tcot war Conservatives altleft Resistance Midterms2018 IllegalAliens SanctuaryCities 2a Militia America	AGAINST	2018-05-21 11:57:00	"There's already a ""resistance."" Will there be a #CivilWar? Bet on it. It may already be underway. http://committedconservative.com/2018/04/06/the … #tcot #war #Conservatives #altleft #Resistance #Midterms2018 #IllegalAliens #SanctuaryCities #2a #Militia #America"
998591329453080576	daca	VETOTHEBILL HASLAM YOU HAVE LET US DOWN ON SO MANY ISSUES DO NOT LET DO BIDDING PD TN sanctuary DO NOT BE SYCOPHANT FOR INHUMANE JEFFSESSIONS BEG YOU TNLEG SanctuaryCities	AGAINST	2018-05-21 11:48:20	#VETOTHEBILL #HASLAM YOU HAVE LET US DOWN ON SO MANY ISSUES DO NOT LET @MNPDNASHVILLE @TNPD DO @ICEgov BIDDING @MNPDNashville #PD #TN #sanctuary DO NOT BE SYCOPHANT FOR INHUMANE @realDonaldTrump #JEFFSESSIONS BEG YOU #TNLEG #SanctuaryCities @JRClemmons
998589232385089536	daca	Term  illegal  bothers OpenBorders types  Here is why it_s the correct term  tcot DACA sanctuarycities ICE thewall illegalAliens Trump DREAMers Conservative Conservatives	AGAINST	2018-05-21 11:40:00	"Term ""illegal"" bothers #OpenBorders types. Here is why it's the correct term. http://committedconservative.com/2017/09/15/illegal-immigrant-is-correct-label/ … … #tcot #DACA #sanctuarycities #ICE #thewall #illegalAliens #Trump #DREAMers #Conservative #Conservatives"
998586776515117056	daca	TrumpAdmin  IllegalImmigration Will Be Won Or Lost With Employers tcot p2 maga winning americafirst everify borderwall visalottery mertmigration chainmigration ruleoflaw lawenforcement immigration	AGAINST	2018-05-21 11:30:15	#TrumpAdmin: #IllegalImmigration Will Be Won Or Lost With Employers http://dailycaller.com/2018/05/20/illegal-immigration-battle-won-or-lost-with-employers/ … @WaddyIsRight #tcot #p2 #maga #winning #americafirst #everify #borderwall #visalottery #mertmigration #chainmigration #ruleoflaw #lawenforcement #immigration #immigrationpolicypic.twitter.com/XAMowixMES
998562807678316544	daca	There_s already a  resistance   Will there be a CivilWar  Bet on it  It may already be underway  tcot war Conservatives altleft Resistance Midterms2018 IllegalAliens SanctuaryCities 2a Militia America	AGAINST	2018-05-21 09:55:00	"There's already a ""resistance."" Will there be a #CivilWar? Bet on it. It may already be underway. http://committedconservative.com/2018/04/06/the … #tcot #war #Conservatives #altleft #Resistance #Midterms2018 #IllegalAliens #SanctuaryCities #2a #Militia #America"
998516755034238976	daca	Fight Sanctuary colleges  nosanctuary tcot AmericaFirst SanctuaryCity sanctuarycities Conservatives	NONE	2018-05-21 06:52:00	Fight #Sanctuary colleges. http://committedconservative.com/2017/06/05/no-sanctuary-stopping-outlaw-universities/ …  #nosanctuary #tcot #AmericaFirst #SanctuaryCity #sanctuarycities #Conservatives
998511720854315009	daca	NO DOUBT  ChainMigration   visalottery ee flaw in  legal  Immigration system  It_s now also a NationalDefense issue  tcot Conservative AmericaFirst Immigrationreform Immigrationrevolution ICE TheWall SanctuaryCity SanctuaryCities	NONE	2018-05-21 06:32:00	"NO DOUBT: #ChainMigration & #visalottery expose flaw in ""legal"" #Immigration system. It's now also a #NationalDefense issue. http://committedconservative.com/2017/12/15/chain-migration-destroys-nation/ … #tcot #Conservative #AmericaFirst #Immigrationreform #Immigrationrevolution #ICE #TheWall #SanctuaryCity #SanctuaryCities"
998496621938831360	daca	The KateSteinle murder is clarion call for IllegalAlien CriminalJustice reform  law lawyer IllegalImmigration SanctuaryCity SanctuaryCities tcot Conservatives Constitution 14Amendment DACA federalcourts ICE Immigration ImmigrationReform	AGAINST	2018-05-21 05:32:00	The #KateSteinle murder is clarion call for #IllegalAlien #CriminalJustice reform. http://committedconservative.com/2017/12/02/try-illegal-aliens-federal-tribunals/ … #law #lawyer #IllegalImmigration #SanctuaryCity #SanctuaryCities #tcot #Conservatives #Constitution #14Amendment #DACA #federalcourts #ICE #Immigration #ImmigrationReform
998494104488062976	daca	What immigrationpolicy does America need  It needs an AmericanFirst Immigrationlaw revolution tcot DACA Dreamers sanctuarycity IllegalAliens IllegalImmigration SanctuaryCities ICE DACADreamers immigrationreform TheWall DACA	FAVOR	2018-05-21 05:22:00	What #immigrationpolicy does #America need?  It needs an #AmericanFirst #Immigrationlaw #revolution http://committedconservative.com/2017/09/13/daca-immigration-law-revolution/ …  #tcot #DACA #Dreamers #sanctuarycity #IllegalAliens #IllegalImmigration #SanctuaryCities #ICE #DACADreamers #immigrationreform #TheWall #DACA
998486555395211268	daca	At this point  we CAN and we SHOULD should prosecute SanctuaryCity mayors   Governors under 8USC1324  tcot illegalAliens thewall SanctuaryCities SanctuaryState Trump KateSteinle KatesWall ICE KatesLaw DACA DreamAct DREAMers DHS DOJ	AGAINST	2018-05-21 04:52:00	At this point, we CAN and we SHOULD should prosecute #SanctuaryCity mayors & Governors under #8USC1324. http://committedconservative.com/2017/03/27/sanctuary-city-leaders/ … #tcot #illegalAliens #thewall #SanctuaryCities #SanctuaryState #Trump #KateSteinle #KatesWall #ICE #KatesLaw #DACA #DreamAct #DREAMers #DHS #DOJ
998486051566977025	daca	Fight Sanctuary colleges  nosanctuary tcot AmericaFirst SanctuaryCity sanctuarycities Conservatives	NONE	2018-05-21 04:50:00	Fight #Sanctuary colleges. http://committedconservative.com/2017/06/05/no-sanctuary-stopping-outlaw-universities/ …  #nosanctuary #tcot #AmericaFirst #SanctuaryCity #sanctuarycities #Conservatives
998481020608499713	daca	NO DOUBT  ChainMigration   visalottery ee flaw in  legal  Immigration system  It_s now also a NationalDefense issue  tcot Conservative AmericaFirst Immigrationreform Immigrationrevolution ICE TheWall SanctuaryCity SanctuaryCities	NONE	2018-05-21 04:30:00	"NO DOUBT: #ChainMigration & #visalottery expose flaw in ""legal"" #Immigration system. It's now also a #NationalDefense issue. http://committedconservative.com/2017/12/15/chain-migration-destroys-nation/ … #tcot #Conservative #AmericaFirst #Immigrationreform #Immigrationrevolution #ICE #TheWall #SanctuaryCity #SanctuaryCities"
998465919256092673	daca	The KateSteinle murder is clarion call for IllegalAlien CriminalJustice reform  law lawyer IllegalImmigration SanctuaryCity SanctuaryCities tcot Conservatives Constitution 14Amendment DACA federalcourts ICE Immigration ImmigrationReform	AGAINST	2018-05-21 03:30:00	The #KateSteinle murder is clarion call for #IllegalAlien #CriminalJustice reform. http://committedconservative.com/2017/12/02/try-illegal-aliens-federal-tribunals/ … #law #lawyer #IllegalImmigration #SanctuaryCity #SanctuaryCities #tcot #Conservatives #Constitution #14Amendment #DACA #federalcourts #ICE #Immigration #ImmigrationReform
998463402312953856	daca	What immigrationpolicy does America need  It needs an AmericanFirst Immigrationlaw revolution tcot DACA Dreamers sanctuarycity IllegalAliens IllegalImmigration SanctuaryCities ICE DACADreamers immigrationreform TheWall DACA	FAVOR	2018-05-21 03:20:00	What #immigrationpolicy does #America need?  It needs an #AmericanFirst #Immigrationlaw #revolution http://committedconservative.com/2017/09/13/daca-immigration-law-revolution/ …  #tcot #DACA #Dreamers #sanctuarycity #IllegalAliens #IllegalImmigration #SanctuaryCities #ICE #DACADreamers #immigrationreform #TheWall #DACA
998455852695613440	daca	At this point  we CAN and we SHOULD should prosecute SanctuaryCity mayors   Governors under 8USC1324  tcot illegalAliens thewall SanctuaryCities SanctuaryState Trump KateSteinle KatesWall ICE KatesLaw DACA DreamAct DREAMers DHS DOJ	AGAINST	2018-05-21 02:50:00	At this point, we CAN and we SHOULD should prosecute #SanctuaryCity mayors & Governors under #8USC1324. http://committedconservative.com/2017/03/27/sanctuary-city-leaders/ … #tcot #illegalAliens #thewall #SanctuaryCities #SanctuaryState #Trump #KateSteinle #KatesWall #ICE #KatesLaw #DACA #DreamAct #DREAMers #DHS #DOJ
998380858460516353	daca	There is a GREAT solution to End ALL IllegalImmigration while protecting America  Daca Dreamers tcot SanctuaryCities Conservatives SanctuaryCity TheWall ICE DreamAct DreamActNow DACADreamers	AGAINST	2018-05-20 21:52:00	There is a GREAT solution to End ALL #IllegalImmigration while protecting America. http://committedconservative.com/2018/01/27/fixing-illegal-immigration-protecting-americans/ … #Daca #Dreamers #tcot #SanctuaryCities #Conservatives #SanctuaryCity #TheWall #ICE #DreamAct #DreamActNow #DACADreamers
998378341647306752	daca	Americans must NEVER reward illegal acts with US Citizenship   tcot TheWall DACA DACADreamers Dreamers IllegalAliens IllegalImmigration ImmigrationReform Trump GOP Democrats ICE SanctuaryCities NoSanctuary Sanctuary	AGAINST	2018-05-20 21:42:00	#Americans must NEVER reward illegal acts with US Citizenship. http://committedconservative.com/2018/01/24/daca-amnesty-trade-wall-not-enough/ … … #tcot #TheWall #DACA #DACADreamers #Dreamers #IllegalAliens #IllegalImmigration #ImmigrationReform #Trump #GOP #Democrats #ICE #SanctuaryCities #NoSanctuary #Sanctuary
998358209218789376	daca	Immigration laws   any immigrationBill should serve AmericaFirst TCOT Trump Conservatives DACA Dreamers immigration conservative Conservatives SanctuaryCity SanctuaryCities immigrationreform	FAVOR	2018-05-20 20:22:00	Immigration laws & any #immigrationBill should serve #AmericaFirst http://committedconservative.com/2017/08/03/imm … #TCOT #Trump #Conservatives #DACA #Dreamers #immigration #conservative #Conservatives #SanctuaryCity #SanctuaryCities #immigrationreform
998350659824111623	daca	Term  illegal  bothers OpenBorders types  Here is why it_s the correct term  tcot DACA sanctuarycities ICE thewall illegalAliens Trump DREAMers Conservative Conservatives	AGAINST	2018-05-20 19:52:00	"Term ""illegal"" bothers #OpenBorders types. Here is why it's the correct term. http://committedconservative.com/2017/09/15/illegal-immigrant-is-correct-label/ … … #tcot #DACA #sanctuarycities #ICE #thewall #illegalAliens #Trump #DREAMers #Conservative #Conservatives"
998350156117372930	daca	There is a GREAT solution to End ALL IllegalImmigration while protecting America  Daca Dreamers tcot SanctuaryCities Conservatives SanctuaryCity TheWall ICE DreamAct DreamActNow DACADreamers	AGAINST	2018-05-20 19:50:00	There is a GREAT solution to End ALL #IllegalImmigration while protecting America. http://committedconservative.com/2018/01/27/fixing-illegal-immigration-protecting-americans/ … #Daca #Dreamers #tcot #SanctuaryCities #Conservatives #SanctuaryCity #TheWall #ICE #DreamAct #DreamActNow #DACADreamers
998347639518265344	daca	Americans must NEVER reward illegal acts with US Citizenship   tcot TheWall DACA DACADreamers Dreamers IllegalAliens IllegalImmigration ImmigrationReform Trump GOP Democrats ICE SanctuaryCities NoSanctuary Sanctuary	AGAINST	2018-05-20 19:40:00	#Americans must NEVER reward illegal acts with US Citizenship. http://committedconservative.com/2018/01/24/daca-amnesty-trade-wall-not-enough/ … … #tcot #TheWall #DACA #DACADreamers #Dreamers #IllegalAliens #IllegalImmigration #ImmigrationReform #Trump #GOP #Democrats #ICE #SanctuaryCities #NoSanctuary #Sanctuary
998333043294158849	daca	There is a GREAT solution to End ALL IllegalImmigration while protecting America  Daca Dreamers tcot SanctuaryCities Conservatives SanctuaryCity TheWall ICE DreamAct DreamActNow DACADreamers	AGAINST	2018-05-20 18:42:00	There is a GREAT solution to End ALL #IllegalImmigration while protecting America. http://committedconservative.com/2018/01/27/fix … #Daca #Dreamers #tcot #SanctuaryCities #Conservatives #SanctuaryCity #TheWall #ICE #DreamAct #DreamActNow #DACADreamers
998327506888417282	daca	Immigration laws   any immigrationBill should serve AmericaFirst TCOT Trump Conservatives DACA Dreamers immigration conservative Conservatives SanctuaryCity SanctuaryCities immigrationreform	FAVOR	2018-05-20 18:20:00	Immigration laws & any #immigrationBill should serve #AmericaFirst http://committedconservative.com/2017/08/03/imm … #TCOT #Trump #Conservatives #DACA #Dreamers #immigration #conservative #Conservatives #SanctuaryCity #SanctuaryCities #immigrationreform
998319957929807874	daca	Term  illegal  bothers OpenBorders types  Here is why it_s the correct term  tcot DACA sanctuarycities ICE thewall illegalAliens Trump DREAMers Conservative Conservatives	AGAINST	2018-05-20 17:50:00	"Term ""illegal"" bothers #OpenBorders types. Here is why it's the correct term. http://committedconservative.com/2017/09/15/illegal-immigrant-is-correct-label/ … … #tcot #DACA #sanctuarycities #ICE #thewall #illegalAliens #Trump #DREAMers #Conservative #Conservatives"
998300329044250625	daca	There is a GREAT solution to End ALL IllegalImmigration while protecting America  Daca Dreamers tcot SanctuaryCities Conservatives SanctuaryCity TheWall ICE DreamAct DreamActNow DACADreamers	AGAINST	2018-05-20 16:32:00	There is a GREAT solution to End ALL #IllegalImmigration while protecting America. http://committedconservative.com/2018/01/27/fix … #Daca #Dreamers #tcot #SanctuaryCities #Conservatives #SanctuaryCity #TheWall #ICE #DreamAct #DreamActNow #DACADreamers
998282712480911360	daca	illegalaliens shouldn_t get Constitutional rights tcot AmericaFirst SanctuaryCities Conservatives law Lawyers AppellateTwitter ICE NoSanctuaryState TheWall BuildTheWall	AGAINST	2018-05-20 15:22:00	#illegalaliens shouldn't get #Constitutional rights http://committedconservative.com/2017/02/23/no- … #tcot #AmericaFirst #SanctuaryCities #Conservatives #law #Lawyers #AppellateTwitter #ICE #NoSanctuaryState #TheWall #BuildTheWall
998277679215398912	daca	There_s already a  resistance   Will there be a CivilWar  Bet on it  It may already be underway  tcot war Conservatives altleft Resistance Midterms2018 IllegalAliens SanctuaryCities 2a Militia America	AGAINST	2018-05-20 15:02:00	"There's already a ""resistance."" Will there be a #CivilWar? Bet on it. It may already be underway. http://committedconservative.com/2018/04/06/the … #tcot #war #Conservatives #altleft #Resistance #Midterms2018 #IllegalAliens #SanctuaryCities #2a #Militia #America"
998269627019997190	daca	There is a GREAT solution to End ALL IllegalImmigration while protecting America  Daca Dreamers tcot SanctuaryCities Conservatives SanctuaryCity TheWall ICE DreamAct DreamActNow DACADreamers	AGAINST	2018-05-20 14:30:00	There is a GREAT solution to End ALL #IllegalImmigration while protecting America. http://committedconservative.com/2018/01/27/fix … #Daca #Dreamers #tcot #SanctuaryCities #Conservatives #SanctuaryCity #TheWall #ICE #DreamAct #DreamActNow #DACADreamers
998252009332461569	daca	illegalaliens shouldn_t get Constitutional rights tcot AmericaFirst SanctuaryCities Conservatives law Lawyers AppellateTwitter ICE NoSanctuaryState TheWall BuildTheWall	NONE	2018-05-20 13:20:00	#illegalaliens shouldn't get #Constitutional rights http://committedconservative.com/2017/02/23/no- … #tcot #AmericaFirst #SanctuaryCities #Conservatives #law #Lawyers #AppellateTwitter #ICE #NoSanctuaryState #TheWall #BuildTheWall
998250502830911490	daca	colorbar inhumane usa BreakingNews IllegalImmigration	NONE	2018-05-20 13:14:01	#colorbar #inhumane #usa #BreakingNews #IllegalImmigration
998246978206089217	daca	There_s already a  resistance   Will there be a CivilWar  Bet on it  It may already be underway  tcot war Conservatives altleft Resistance Midterms2018 IllegalAliens SanctuaryCities 2a Militia America	AGAINST	2018-05-20 13:00:00	"There's already a ""resistance."" Will there be a #CivilWar? Bet on it. It may already be underway. http://committedconservative.com/2018/04/06/the … #tcot #war #Conservatives #altleft #Resistance #Midterms2018 #IllegalAliens #SanctuaryCities #2a #Militia #America"
998175748681678848	daca	IllegalAliens DeportThemAll NoAmnesty SanctuaryCities SanctuaryState DACA DACADreamers BuildTheWall BuildThatWall Acting ICE chief  Congress must close immigration loopholeshttp   	AGAINST	2018-05-20 08:16:58	@realDonaldTrump @ICEgov #IllegalAliens #DeportThemAll #NoAmnesty #SanctuaryCities #SanctuaryState #DACA #DACADreamers #BuildTheWall #BuildThatWall Acting #ICE chief: Congress must close #immigration loopholeshttp://video.foxnews.com/v/5785777419001/ …
998010991500722176	daca	VoterFraud ExecutiveOrder VoterID MAGA illegalimmigration	AGAINST	2018-05-19 21:22:17	#VoterFraud #ExecutiveOrder #VoterID #MAGA #illegalimmigration @realDonaldTrump
997997853564964866	daca	MT migrants migration refugees Asylum AsylumSeekers immigration immigrants SanctuaryCity SanctuaryCities Sanctuary	FAVOR	2018-05-19 20:30:04	https://twitter.com/TheEconomist/status/997979091675570176 … MT #migrants #migration #refugees #Asylum #AsylumSeekers #immigration #immigrants #SanctuaryCity #SanctuaryCities #Sanctuary
997920324174864384	daca	There_s already a  resistance   Will there be a CivilWar  Bet on it  It may already be underway  tcot war Conservatives altleft Resistance Midterms2018 IllegalAliens SanctuaryCities 2a Militia America	AGAINST	2018-05-19 15:22:00	"There's already a ""resistance."" Will there be a #CivilWar? Bet on it. It may already be underway. http://committedconservative.com/2018/04/06/the … #tcot #war #Conservatives #altleft #Resistance #Midterms2018 #IllegalAliens #SanctuaryCities #2a #Militia #America"
997915291534483457	daca	Americans must NEVER reward illegal acts with US Citizenship   tcot TheWall DACA DACADreamers Dreamers IllegalAliens IllegalImmigration ImmigrationReform Trump GOP Democrats ICE SanctuaryCities NoSanctuary Sanctuary	AGAINST	2018-05-19 15:02:00	#Americans must NEVER reward illegal acts with US Citizenship. http://committedconservative.com/2018/01/24/dac … … #tcot #TheWall #DACA #DACADreamers #Dreamers #IllegalAliens #IllegalImmigration #ImmigrationReform #Trump #GOP #Democrats #ICE #SanctuaryCities #NoSanctuary #Sanctuary
997911394015100928	daca	BlueStateBlues   California CApol CAgov CAAG SanctuaryState Lawlessness   MS13   CApol CA23 M_Brest Kevin McCarthy Slams Gov  Jerry Brown On MS 13http    tcot PJNET	NONE	2018-05-19 14:46:31	#BlueStateBlues -#California #CApol #CAgov #CAAG #SanctuaryState #Lawlessness | #MS13 | #CApol #CA23 M_Brest:Kevin McCarthy Slams Gov. Jerry Brown On MS-13http://dailycaller.com/2018/05/17/kevin-mccarthy-slams-jerry-brown-ms-13/ …| #tcot #PJNET
997910257631485952	daca	There is a GREAT solution to End ALL IllegalImmigration while protecting America  Daca Dreamers tcot SanctuaryCities Conservatives SanctuaryCity TheWall ICE DreamAct DreamActNow DACADreamers	AGAINST	2018-05-19 14:42:00	There is a GREAT solution to End ALL #IllegalImmigration while protecting America. http://committedconservative.com/2018/01/27/fix … #Daca #Dreamers #tcot #SanctuaryCities #Conservatives #SanctuaryCity #TheWall #ICE #DreamAct #DreamActNow #DACADreamers
997889622582669314	daca	There_s already a  resistance   Will there be a CivilWar  Bet on it  It may already be underway  tcot war Conservatives altleft Resistance Midterms2018 IllegalAliens SanctuaryCities 2a Militia America	AGAINST	2018-05-19 13:20:00	"There's already a ""resistance."" Will there be a #CivilWar? Bet on it. It may already be underway. http://committedconservative.com/2018/04/06/the … #tcot #war #Conservatives #altleft #Resistance #Midterms2018 #IllegalAliens #SanctuaryCities #2a #Militia #America"
997884588214046720	daca	Americans must NEVER reward illegal acts with US Citizenship   tcot TheWall DACA DACADreamers Dreamers IllegalAliens IllegalImmigration ImmigrationReform Trump GOP Democrats ICE SanctuaryCities NoSanctuary Sanctuary	AGAINST	2018-05-19 13:00:00	#Americans must NEVER reward illegal acts with US Citizenship. http://committedconservative.com/2018/01/24/dac … … #tcot #TheWall #DACA #DACADreamers #Dreamers #IllegalAliens #IllegalImmigration #ImmigrationReform #Trump #GOP #Democrats #ICE #SanctuaryCities #NoSanctuary #Sanctuary
997879556773175300	daca	There is a GREAT solution to End ALL IllegalImmigration while protecting America  Daca Dreamers tcot SanctuaryCities Conservatives SanctuaryCity TheWall ICE DreamAct DreamActNow DACADreamers	AGAINST	2018-05-19 12:40:00	There is a GREAT solution to End ALL #IllegalImmigration while protecting America. http://committedconservative.com/2018/01/27/fix … #Daca #Dreamers #tcot #SanctuaryCities #Conservatives #SanctuaryCity #TheWall #ICE #DreamAct #DreamActNow #DACADreamers
997857637206282240	daca	CAGov  Oakland Mayor LibbySchaaf Triples Down In Denying ObstructionOfJustice Charges tcot p2 california sanctuarystate sanctuarycity ruleoflaw 8uscode1373 lawenforcement immigration	AGAINST	2018-05-19 11:12:54	#CAGov: #Oakland Mayor #LibbySchaaf Triples-Down In Denying #ObstructionOfJustice Charges https://hotair.com/archives/2018/05/19/justice-obstructing-oakland-mayor-proclaims-innocence/ … @JazzShaw @LibbySchaaf @ICEgov #tcot #p2 #california #sanctuarystate #sanctuarycity #ruleoflaw #8uscode1373 #lawenforcement #immigration #immigrationpolicypic.twitter.com/4WxMgT5khp
997846138374901760	daca	LiberalLogic liberalmedia bias hypocrisy Democrats liberals leftists illegalimmigration U	AGAINST	2018-05-19 10:27:13	#LiberalLogic #liberalmedia #bias #hypocrisy #Democrats #liberals #leftists #illegalimmigration #Jerusalempic.twitter.com/G8tMKgRMlU
997613301604470784	daca	There_s already a  resistance   Will there be a CivilWar  Bet on it  It may already be underway  tcot war Conservatives altleft Resistance Midterms2018 IllegalAliens SanctuaryCities 2a Militia America	NONE	2018-05-18 19:02:00	"There's already a ""resistance."" Will there be a #CivilWar? Bet on it. It may already be underway. http://committedconservative.com/2018/04/06/the … #tcot #war #Conservatives #altleft #Resistance #Midterms2018 #IllegalAliens #SanctuaryCities #2a #Militia #America"
997590652450992128	daca	Americans must NEVER reward illegal acts with US Citizenship   tcot TheWall DACA DACADreamers Dreamers IllegalAliens IllegalImmigration ImmigrationReform Trump GOP Democrats ICE SanctuaryCities NoSanctuary Sanctuary	AGAINST	2018-05-18 17:32:00	#Americans must NEVER reward illegal acts with US Citizenship. http://committedconservative.com/2018/01/24/dac … … #tcot #TheWall #DACA #DACADreamers #Dreamers #IllegalAliens #IllegalImmigration #ImmigrationReform #Trump #GOP #Democrats #ICE #SanctuaryCities #NoSanctuary #Sanctuary
997582601723498497	daca	There_s already a  resistance   Will there be a CivilWar  Bet on it  It may already be underway  tcot war Conservatives altleft Resistance Midterms2018 IllegalAliens SanctuaryCities 2a Militia America	AGAINST	2018-05-18 17:00:01	"There's already a ""resistance."" Will there be a #CivilWar? Bet on it. It may already be underway. http://committedconservative.com/2018/04/06/the … #tcot #war #Conservatives #altleft #Resistance #Midterms2018 #IllegalAliens #SanctuaryCities #2a #Militia #America"
997577891788582919	daca	factsmatter ms13 dad daughters heresthelatest LiberalismIsAMentalDisorder metoo Immigration IllegalImmigration buildthewall    	NONE	2018-05-18 16:41:18	#factsmatter #ms13 #dad #daughters #heresthelatest @TheEllenShow @Rosie @TheView @Alyssa_Milano @RealCandaceO @realDonaldTrump @RealJamesWoods @REALStaceyDash #LiberalismIsAMentalDisorder #metoo #Immigration #IllegalImmigration #buildthewall @kanyewesthttps://twitter.com/blisstabitha/status/997572499691917312 …
997562466568736769	daca	illegalaliens don_t get Constitutional rights tcot AmericaFirst SanctuaryCities Conservatives law Lawyers AppellateTwitter ICE NoSanctuaryState TheWall BuildTheWall	NONE	2018-05-18 15:40:00	#illegalaliens don't get #Constitutional rights http://committedconservative.com/2017/02/23/no- … #tcot #AmericaFirst #SanctuaryCities #Conservatives #law #Lawyers #AppellateTwitter #ICE #NoSanctuaryState #TheWall #BuildTheWall
997552903274553344	daca	There is a GREAT solution to End ALL IllegalImmigration while protecting America  Daca Dreamers tcot SanctuaryCities Conservatives SanctuaryCity TheWall ICE DreamAct DreamActNow DACADreamers	AGAINST	2018-05-18 15:02:00	There is a GREAT solution to End ALL #IllegalImmigration while protecting America. http://committedconservative.com/2018/01/27/fix … #Daca #Dreamers #tcot #SanctuaryCities #Conservatives #SanctuaryCity #TheWall #ICE #DreamAct #DreamActNow #DACADreamers
997537804535062528	daca	Americans must NEVER reward illegal acts with US Citizenship   tcot TheWall DACA DACADreamers Dreamers IllegalAliens IllegalImmigration ImmigrationReform Trump GOP Democrats ICE SanctuaryCities NoSanctuary Sanctuary	AGAINST	2018-05-18 14:02:00	#Americans must NEVER reward illegal acts with US Citizenship. http://committedconservative.com/2018/01/24/dac … … #tcot #TheWall #DACA #DACADreamers #Dreamers #IllegalAliens #IllegalImmigration #ImmigrationReform #Trump #GOP #Democrats #ICE #SanctuaryCities #NoSanctuary #Sanctuary
997536893679079424	daca	twill tcot IllegalImmigration Joliet Illegal Immigrant Guilty Of I M Canal Rapes	FAVOR	2018-05-18 13:58:23	https://cmun.it/zgbyge  @sbalich @WillCountyNews1 @WalshFreedom #twill #tcot #IllegalImmigration  Joliet Illegal Immigrant Guilty Of I&M Canal Rapes
997535286782447616	daca	There_s already a  resistance   Will there be a CivilWar  Bet on it  It may already be underway  tcot war Conservatives altleft Resistance Midterms2018 IllegalAliens SanctuaryCities 2a Militia America	AGAINST	2018-05-18 13:52:00	"There's already a ""resistance."" Will there be a #CivilWar? Bet on it. It may already be underway. http://committedconservative.com/2018/04/06/the … #tcot #war #Conservatives #altleft #Resistance #Midterms2018 #IllegalAliens #SanctuaryCities #2a #Militia #America"
997522214147821569	daca	There is a GREAT solution to End ALL IllegalImmigration while protecting America  Daca Dreamers tcot SanctuaryCities Conservatives SanctuaryCity TheWall ICE DreamAct DreamActNow DACADreamers	AGAINST	2018-05-18 13:00:03	There is a GREAT solution to End ALL #IllegalImmigration while protecting America. http://committedconservative.com/2018/01/27/fix … #Daca #Dreamers #tcot #SanctuaryCities #Conservatives #SanctuaryCity #TheWall #ICE #DreamAct #DreamActNow #DACADreamers
997519358824996866	daca	Ep  98   NRA School Shield  Sports Gambling And More podcasts podcasting TrendChat conservative christian 2A DefendTheSecond NRA Trump IllegalImmigration immigration sanctuarycities sportsgaming sportsgambling sportsbettinghttps   	NONE	2018-05-18 12:48:42	Ep. 98 - NRA School Shield, Sports Gambling And More #podcasts #podcasting #TrendChat #conservative #christian #2A #DefendTheSecond #NRA #Trump #IllegalImmigration #immigration #sanctuarycities #sportsgaming  #sportsgambling #sportsbettinghttps://www.spreaker.com/episode/14824299 …
997507111239192576	daca	Americans must NEVER reward illegal acts with US Citizenship   tcot TheWall DACA DACADreamers Dreamers IllegalAliens IllegalImmigration ImmigrationReform Trump GOP Democrats ICE SanctuaryCities NoSanctuary Sanctuary	AGAINST	2018-05-18 12:00:02	#Americans must NEVER reward illegal acts with US Citizenship. http://committedconservative.com/2018/01/24/dac … … #tcot #TheWall #DACA #DACADreamers #Dreamers #IllegalAliens #IllegalImmigration #ImmigrationReform #Trump #GOP #Democrats #ICE #SanctuaryCities #NoSanctuary #Sanctuary
997504584665911296	daca	There_s already a  resistance   Will there be a CivilWar  Bet on it  It may already be underway  tcot war Conservatives altleft Resistance Midterms2018 IllegalAliens SanctuaryCities 2a Militia America	AGAINST	2018-05-18 11:50:00	"There's already a ""resistance."" Will there be a #CivilWar? Bet on it. It may already be underway. http://committedconservative.com/2018/04/06/the … #tcot #war #Conservatives #altleft #Resistance #Midterms2018 #IllegalAliens #SanctuaryCities #2a #Militia #America"
997493814569779201	daca	IllegalImmigrants IllegalImmigration NoCatchandRelease BorderSecurity SanctuaryCities SanctuaryState OpenBorders Soros msm fakenews Disinformation journalismisdead clickbaitjournalism SocialistMedia MS13	NONE	2018-05-18 11:07:12	https://bit.ly/2rTqGq6  @realdonaldtrump @PressSec #IllegalImmigrants #IllegalImmigration #NoCatchandRelease #BorderSecurity #SanctuaryCities #SanctuaryState#OpenBorders#Soros #msm #fakenews #Disinformation  #journalismisdead #clickbaitjournalism #SocialistMedia #MS13
997469410096025600	daca	noamnesty illegalimmigration	NONE	2018-05-18 09:30:14	#noamnesty #illegalimmigration https://www.washingtontimes.com/news/2018/may/17/jeff-sessions-ends-obama-era-de-facto-court-amnest/ …
997412235617165312	daca	PresidentTrump JeffSessions DOJ   California CAgov CAAG SanctuaryState LibbySchaaf Lawlessness   AVIAC   MS13 Benny Johnson Reporter Asks Trump Why He Called MS 13 Gang Members Animals  Trump Deports Him To GITMOhttp    tcot PJNET	NONE	2018-05-18 05:43:02	#PresidentTrump #JeffSessions #DOJ | #California #CAgov #CAAG #SanctuaryState #LibbySchaaf #Lawlessness | #AVIAC | #MS13 Benny Johnson:Reporter Asks Trump Why He Called MS-13 Gang Members ‘Animals’ – Trump Deports Him To GITMOhttp://dailycaller.com/2018/05/17/trump-doubles-down-ms-13-animals-comment-video/ …| #tcot #PJNET
997412226444050432	daca	illegalaliens don_t get Constitutional rights tcot AmericaFirst SanctuaryCities Conservatives law Lawyers AppellateTwitter ICE NoSanctuaryState TheWall BuildTheWall	NONE	2018-05-18 05:43:00	#illegalaliens don't get #Constitutional rights http://committedconservative.com/2017/02/23/no- … #tcot #AmericaFirst #SanctuaryCities #Conservatives #law #Lawyers #AppellateTwitter #ICE #NoSanctuaryState #TheWall #BuildTheWall
997223314069192704	daca	cities ruled by democrats Democrats SanctuaryCities cc TrumpTrain AmericaFirst	AGAINST	2018-05-17 17:12:20	cities ruled by democrats #Democrats #SanctuaryCities cc @NancyPelosi @chuckschumer @RepMaxineWaters @realDonaldTrump @POTUS @DevinNunes @tedcruz @RandPaul @Jim_Jordan #TrumpTrain #AmericaFirst pic.twitter.com/NxM7X49KmS
997156105947140096	daca	ThorwbackThursday   Others  Introduce Bill to End SanctuaryCitiesCombat Illegal Reentryhttp    NoAmnesty tcot  	AGAINST	2018-05-17 12:45:16	#ThorwbackThursday @TedCruz & Others, Introduce Bill to End #SanctuaryCitiesCombat Illegal Reentryhttp://ow.ly/TdnrF  #NoAmnesty #tcot @ChuckNASCAR @pricklypear12 @DrSueDVM @jstines3pic.twitter.com/4ong9F59LG
997135489772568576	daca	  Gestapo SanctuaryCities immigration AllEuropeansAreImmigrantshttps   	NONE	2018-05-17 11:23:21	@ICEgov = Gestapo #SanctuaryCities #immigration #AllEuropeansAreImmigrantshttps://twitter.com/mmfa/status/997117726341713920 …
997133915440730120	daca	TrumpAdmin  POTUS _s SanctuaryState Roundtable tcot p2 maga winning americafirst sanctuarycity borderwall visalottery mertmigration chainmigration ruleoflaw lawenforcement immigration	NONE	2018-05-17 11:17:05	#TrumpAdmin: #POTUS @realDonaldTrump's #SanctuaryState Roundtable https://hotair.com/archives/2018/05/16/trump-hosts-sanctuary-state-roundtable-white-house/ … @verumserum #tcot #p2 #maga #winning #americafirst #sanctuarycity #borderwall #visalottery #mertmigration #chainmigration #ruleoflaw #lawenforcement #immigration #immigrationpolicypic.twitter.com/JGPlz1ABlw
997132672391700482	daca	TrumpAdmin  POTUS Hosts A SanctuaryState Roundtable tcot p2 maga winning americafirst sanctuarycity borderwall visalottery mertmigration chainmigration ruleoflaw lawenforcement immigration	NONE	2018-05-17 11:12:09	#TrumpAdmin: #POTUS @realDonaldTrump Hosts A #SanctuaryState Roundtable https://youtu.be/VMsiYUjta-s  @WhiteHouse #tcot #p2 #maga #winning #americafirst #sanctuarycity #borderwall #visalottery #mertmigration #chainmigration #ruleoflaw #lawenforcement #immigration #immigrationpolicypic.twitter.com/b4KEhIFivJ
997085653606154240	daca	BlueStateBlues   California CApol CAgov CAAG SanctuaryState Lawlessness Homelessness WarOnMiddleClass   OrangeCounty SanDiegoCounty Kristin Gaspar  running for CA49   w  Tucker Carlson  16 May  KristinGaspar tcot PJNET	NONE	2018-05-17 08:05:19	#BlueStateBlues -#California #CApol #CAgov #CAAG #SanctuaryState #Lawlessness #Homelessness #WarOnMiddleClass | #OrangeCounty #SanDiegoCounty Kristin Gaspar (running for #CA49), w/ Tucker Carlson (16-May)https://youtu.be/T0s1Fx8KZ1U | #KristinGaspar #tcot #PJNET
997085254987857920	daca	BlueStateBlues   California CApol CAgov CAAG SanctuaryState Lawlessness Homelessness WarOnMiddleClass   OrangeCounty SanDiegoCounty LosAlamitos Mayor Troy Edgar and FresnoCounty Sheriff Margaret Mims  w  Shannon Bream  16 May  tcot PJNET	NONE	2018-05-17 08:03:44	#BlueStateBlues -#California #CApol #CAgov #CAAG #SanctuaryState #Lawlessness #Homelessness #WarOnMiddleClass | #OrangeCounty #SanDiegoCounty  #LosAlamitos Mayor Troy Edgar and #FresnoCounty Sheriff Margaret Mims, w/ Shannon Bream (16-May)https://www.youtube.com/watch?v=8peHPxpSp3I …| #tcot #PJNET
997084714811973632	daca	Interbubble Reality MAGA GOP morningjoe FoxNews SanctuaryCities	NONE	2018-05-17 08:01:35	Interbubble Reality  #MAGA #GOP #morningjoe #FoxNews #SanctuaryCities https://twitter.com/calendow/status/996902196267528192 …
997084551112425472	daca	BlueStateBlues   California CApol CAgov CAAG SanctuaryState Lawlessness Homelessness WarOnMiddleClass   OrangeCounty SanDiegoCounty Katie Pavlichresident Trump Hosts Local Officials Fighting California_s Sanctuary State Lawhttps    tcot PJNET	NONE	2018-05-17 08:00:56	#BlueStateBlues -#California #CApol #CAgov #CAAG #SanctuaryState #Lawlessness #Homelessness #WarOnMiddleClass | #OrangeCounty #SanDiegoCounty Katie Pavlich:President Trump Hosts Local Officials Fighting California's Sanctuary State Lawhttps://townhall.com/tipsheet/katiepavlich/2018/05/16/president-trump-hosts-city-officials-fighting-santuary-cities-n2481389 …| #tcot #PJNET
997025993834532864	daca	PresidentTrump JeffSessions DOJ   California CAgov CAAG SanctuaryState LibbySchaaf Lawlessness   AVIAC   CApol CTHresident Trump Hosts California Sanctuary State Roundtable [video  thread] tcot PJNET	NONE	2018-05-17 04:08:15	#PresidentTrump #JeffSessions #DOJ | #California #CAgov #CAAG #SanctuaryState #LibbySchaaf #Lawlessness | #AVIAC | #CApol  CTH:President Trump Hosts California Sanctuary State Roundtable [video, thread]https://theconservativetreehouse.com/2018/05/16/president-trump-hosts-california-sanctuary-state-roundtable-315pm-livestream/ …https://youtu.be/VMsiYUjta-s | #tcot #PJNET
997025613906108417	daca	PresidentTrump JeffSessions DOJ   California CAgov CAAG SanctuaryState LibbySchaaf Lawlessness   AVIAC   CApol Fred Lucas California Officials Back Trump on Crackdown on Sanctuary Policieshttps    HeritageFoundation tcot PJNET	AGAINST	2018-05-17 04:06:44	#PresidentTrump #JeffSessions #DOJ | #California #CAgov #CAAG #SanctuaryState #LibbySchaaf #Lawlessness | #AVIAC | #CApol  Fred Lucas:California Officials Back Trump on Crackdown on ‘Sanctuary’ Policieshttps://www.dailysignal.com/2018/05/16/california-officials-back-trump-on-crackdown-on-sanctuary-policies/ …| @DailySignal #HeritageFoundation #tcot #PJNET
996916978966200320	daca	STOP THE INCENTIVE  SIGN MANDATORY E VERIFY PETITION  FOXNEWS IllegalImmigration IllegalAliens DACA MAGA Corruption migration Caravan Mexico BuildTheWall TrumpTrain TRUMP POTUS GOP FoxandFriends WhiteHouse Dreamers AmericaFirst Jobshttps   	AGAINST	2018-05-16 20:55:04	STOP THE INCENTIVE! SIGN MANDATORY E-VERIFY PETITION! #FOXNEWS #IllegalImmigration #IllegalAliens #DACA #MAGA #Corruption #migration #Caravan #Mexico #BuildTheWall #TrumpTrain #TRUMP #POTUS #GOP #FoxandFriends #WhiteHouse #Dreamers #AmericaFirst #Jobshttps://dmlnews.com/update-thousands-signed-petition-implement-mandatory-e-verify-many-needed/ …
996914661219033088	daca	DeportThemAll illegales IllegalImmigration IllegalAliens DACA EndDACA dreamers USA Immigrantshttps   	AGAINST	2018-05-16 20:45:51	#DeportThemAll #illegales #IllegalImmigration #IllegalAliens #DACA #EndDACA #dreamers #USA #Immigrantshttps://twitter.com/WBEplantlady/status/995399699703173120 …
996905195111112704	daca	noamnesty no amnesty NoDACA DACA IllegalImmigration noamnesty	AGAINST	2018-05-16 20:08:14	@replouiegohmert #noamnesty @HouseGOP no amnesty #NoDACA  #DACA #IllegalImmigration #noamnesty
996858326972551169	daca	There is a GREAT solution to End ALL IllegalImmigration while protecting America  Daca Dreamers tcot SanctuaryCities Conservatives SanctuaryCity TheWall ICE DreamAct DreamActNow DACADreamers	AGAINST	2018-05-16 17:02:00	There is a GREAT solution to End ALL #IllegalImmigration while protecting America. http://committedconservative.com/2018/01/27/fix … #Daca #Dreamers #tcot #SanctuaryCities #Conservatives #SanctuaryCity #TheWall #ICE #DreamAct #DreamActNow #DACADreamers
996835677164601345	daca	There_s already a  resistance   Will there be a CivilWar  Bet on it  It may already be underway  tcot war Conservatives altleft Resistance Midterms2018 IllegalAliens SanctuaryCities 2a Militia America	AGAINST	2018-05-16 15:32:00	"There's already a ""resistance."" Will there be a #CivilWar? Bet on it. It may already be underway. http://committedconservative.com/2018/04/06/the … #tcot #war #Conservatives #altleft #Resistance #Midterms2018 #IllegalAliens #SanctuaryCities #2a #Militia #America"
996833161475710977	daca	Americans must NEVER reward illegal acts with US Citizenship   tcot TheWall DACA DACADreamers Dreamers IllegalAliens IllegalImmigration ImmigrationReform Trump GOP Democrats ICE SanctuaryCities NoSanctuary Sanctuary	AGAINST	2018-05-16 15:22:00	#Americans must NEVER reward illegal acts with US Citizenship. http://committedconservative.com/2018/01/24/dac … … #tcot #TheWall #DACA #DACADreamers #Dreamers #IllegalAliens #IllegalImmigration #ImmigrationReform #Trump #GOP #Democrats #ICE #SanctuaryCities #NoSanctuary #Sanctuary
996811770240163841	daca	There is a GREAT solution to End ALL IllegalImmigration while protecting America  Daca Dreamers tcot SanctuaryCities Conservatives SanctuaryCity TheWall ICE DreamAct DreamActNow DACADreamers	AGAINST	2018-05-16 13:57:00	There is a GREAT solution to End ALL #IllegalImmigration while protecting America. http://committedconservative.com/2018/01/27/fix … #Daca #Dreamers #tcot #SanctuaryCities #Conservatives #SanctuaryCity #TheWall #ICE #DreamAct #DreamActNow #DACADreamers
996804974511181825	daca	There_s already a  resistance   Will there be a CivilWar  Bet on it  It may already be underway  tcot war Conservatives altleft Resistance Midterms2018 IllegalAliens SanctuaryCities 2a Militia America	AGAINST	2018-05-16 13:30:00	"There's already a ""resistance."" Will there be a #CivilWar? Bet on it. It may already be underway. http://committedconservative.com/2018/04/06/the … #tcot #war #Conservatives #altleft #Resistance #Midterms2018 #IllegalAliens #SanctuaryCities #2a #Militia #America"
996802458713251840	daca	Americans must NEVER reward illegal acts with US Citizenship   tcot TheWall DACA DACADreamers Dreamers IllegalAliens IllegalImmigration ImmigrationReform Trump GOP Democrats ICE SanctuaryCities NoSanctuary Sanctuary	AGAINST	2018-05-16 13:20:00	#Americans must NEVER reward illegal acts with US Citizenship. http://committedconservative.com/2018/01/24/dac … … #tcot #TheWall #DACA #DACADreamers #Dreamers #IllegalAliens #IllegalImmigration #ImmigrationReform #Trump #GOP #Democrats #ICE #SanctuaryCities #NoSanctuary #Sanctuary
996782602106425346	daca	Critics claim that enforcing the law is too hard  DonaldTrump illegalimmigration illegalaliens trump POTUS	NONE	2018-05-16 12:01:06	Critics claim that enforcing the law is too hard.http://mf.tt/jMCmla   #DonaldTrump #illegalimmigration #illegalaliens #trump #POTUS
996781067620118528	daca	There is a GREAT solution to End ALL IllegalImmigration while protecting America  Daca Dreamers tcot SanctuaryCities Conservatives SanctuaryCity TheWall ICE DreamAct DreamActNow DACADreamers	AGAINST	2018-05-16 11:55:00	There is a GREAT solution to End ALL #IllegalImmigration while protecting America. http://committedconservative.com/2018/01/27/fix … #Daca #Dreamers #tcot #SanctuaryCities #Conservatives #SanctuaryCity #TheWall #ICE #DreamAct #DreamActNow #DACADreamers
996759063705698304	daca	illegalimmigration SanctuaryState California CAgovernor	AGAINST	2018-05-16 10:27:34	#illegalimmigration #SanctuaryState #California #CAgovernor #JoinTravisAllenpic.twitter.com/nbGrPXLR8i
996652307214491648	daca	Georgia Gubernatorial Candidate MichaelWilliams to Visit SanctuaryCities on Deportation Bus Tour  RogerStone to Join Early voting now open  Primary day May 22  Remember to vote  tcot ccot teaparty pjnet tgdn OverpassesForAmerica	AGAINST	2018-05-16 03:23:21	#Georgia Gubernatorial Candidate #MichaelWilliams to Visit  #SanctuaryCities on ‘Deportation’ Bus Tour, #RogerStone to Join http://www.breitbart.com/big-government/2018/05/15/exclusive-georgia-gubernatorial-candidate-michael-williams-to-visit-sanctuary-cities-on-deportation-bus-tour/ … Early voting now open, Primary day May 22. Remember to vote!#tcot #ccot #teaparty #pjnet #tgdn #OverpassesForAmerica
996569294010966017	daca	California IllegalImmigration illegal Illegals IllegalAlien	AGAINST	2018-05-15 21:53:29	https://www.youtube.com/watch?v=3ufRRhJ1mHM … #California #IllegalImmigration #illegal #Illegals #IllegalAlien